<?xml version="1.0" encoding="UTF-8"?>
<project-private xmlns="http://www.netbeans.org/ns/project-private/1">
    <editor-bookmarks xmlns="http://www.netbeans.org/ns/editor-bookmarks/2" lastBookmarkId="0"/>
    <open-files xmlns="http://www.netbeans.org/ns/projectui-open-files/2">
        <group>
            <file>file:/C:/Users/evert/OneDrive/Documentos/NetBeansProjects/Controle%20de%20Estoque/src/cadastrarProduto.java</file>
            <file>file:/C:/Users/evert/OneDrive/Documentos/NetBeansProjects/Controle%20de%20Estoque/src/login.java</file>
            <file>file:/C:/Users/evert/OneDrive/Documentos/NetBeansProjects/Controle%20de%20Estoque/src/ajuda.java</file>
            <file>file:/C:/Users/evert/OneDrive/Documentos/NetBeansProjects/Controle%20de%20Estoque/src/alterarProduto.java</file>
            <file>file:/C:/Users/evert/OneDrive/Documentos/NetBeansProjects/Controle%20de%20Estoque/src/alterarUsuario.java</file>
            <file>file:/C:/Users/evert/OneDrive/Documentos/NetBeansProjects/Controle%20de%20Estoque/src/menu.java</file>
            <file>file:/C:/Users/evert/OneDrive/Documentos/NetBeansProjects/Controle%20de%20Estoque/src/cadastrarUsuario.java</file>
        </group>
    </open-files>
</project-private>
